age,annual_income,loan_amount,credit_score,employment_years,existing_loans,defaulted
59.0,46391.0,1110369.0,386.0,8.9,2.0,0
49.0,134667.0,1735761.0,400.0,19.9,2.0,0
35.0,86830.0,1481124.0,307.0,10.9,4.0,1
63.0,57438.0,1066458.0,499.0,,2.0,0
28.0,64199.0,1742914.0,,12.1,3.0,0
-10.0,81664.0,528307.0,386.0,3.0,1.0,0
59.0,63091.0,356814.0,342.0,0.6,0.0,1
39.0,98850.0,362780.0,684.0,19.4,4.0,0
43.0,20978.0,701317.0,734.0,15.5,3.0,0
31.0,66756.0,515446.0,707.0,19.6,0.0,0
31.0,91073.0,1863676.0,1200.0,9.6,0.0,0
44.0,126515.0,256376.0,,10.6,4.0,1
56.0,65127.0,1413032.0,447.0,3.4,3.0,1
60.0,39639.0,418982.0,576.0,4.9,0.0,0
44.0,29097.0,1769192.0,531.0,16.8,0.0,0
23.0,-5000.0,1924565.0,665.0,7.1,3.0,0
42.0,92078.0,957667.0,527.0,16.5,2.0,0
22.0,122515.0,1764189.0,735.0,14.2,0.0,0
44.0,185048.0,60033.0,,3.5,1.0,0
64.0,30308.0,1648896.0,510.0,10.1,3.0,0
50.0,177182.0,0.0,690.0,13.5,0.0,0
58.0,117044.0,1821968.0,798.0,4.7,4.0,0
22.0,45494.0,52184.0,839.0,16.6,1.0,0
41.0,91082.0,1134554.0,790.0,10.9,0.0,0
53.0,158856.0,1525440.0,741.0,3.3,1.0,0
32.0,103868.0,554442.0,560.0,11.7,1.0,0
42.0,197278.0,426609.0,649.0,20.0,2.0,0
64.0,84697.0,213992.0,651.0,3.0,1.0,0
45.0,153672.0,686545.0,819.0,16.3,2.0,0
47.0,87703.0,1141696.0,619.0,4.1,3.0,0
62.0_err,168395.0,275896.0,437.0,15.6,2.0,0
48.0_err,120280.0,784556.0,849.0,14.7,4.0,0
36.0_err,26750.0,67691.0,667.0,6.0,0.0,0
35.0_err,21812.0,1646425.0,519.0,6.5,3.0,1
64.0_err,39763.0,300475.0,636.0,15.9,3.0,0
23.0,17529.0,602519.0,522.0,9.2,4.0,1
57.0,28941.0,85934.0,659.0,14.6,2.0,0
27.0,142967.0,892870.0,628.0,3.0,0.0,0
41.0,113854.0,1688237.0,762.0,17.1,2.0,0
29.0,153733.0,814695.0,681.0,14.2,1.0,0
59.0,183936.0,400020.0,468.0,18.1,2.0,0
38.0,123253.0,1519713.0,516.0,2.6,3.0,1
24.0,149332.0,1588174.0,677.0,11.9,0.0,0
45.0,155060.0,388819.0,418.0,12.0,2.0,0
34.0,84902.0,1553166.0,489.0,7.1,0.0,0
29.0,59601.0,1897231.0,669.0,9.2,0.0,0
46.0,52933.0,374436.0,448.0,0.8,1.0,0
22.0,61517.0,1553419.0,787.0,14.9,1.0,0
40.0,65825.0,1431715.0,673.0,11.0,3.0,0
48.0,53337.0,973469.0,459.0,1.2,4.0,1
27.0,177471.0,162945.0,650.0,13.6,0.0,0
64.0,155045.0,195654.0,587.0,9.3,4.0,0
28.0,23676.0,1712209.0,,0.7,3.0,1
55.0,64704.0,1980789.0,525.0,19.4,0.0,0
34.0,19104.0,1368302.0,822.0,19.0,0.0,0
37.0,107161.0,919619.0,821.0,10.3,4.0,0
56.0,103099.0,1312769.0,572.0,1.9,2.0,0
60.0,168804.0,1209072.0,701.0,15.1,1.0,0
24.0,71939.0,798044.0,482.0,9.8,2.0,0
22.0,166031.0,177971.0,787.0,6.0,4.0,0
26.0,194075.0,1651950.0,423.0,9.8,1.0,0
62.0,31356.0,775075.0,713.0,10.4,2.0,0
24.0,161486.0,1646632.0,471.0,11.3,1.0,0
49.0,124142.0,542392.0,587.0,8.8,0.0,0
38.0,103809.0,52007.0,734.0,12.1,2.0,0
46.0,92799.0,359930.0,412.0,,1.0,0
64.0,160164.0,963652.0,421.0,7.2,1.0,0
54.0,133282.0,1891392.0,843.0,14.5,1.0,0
30.0,163933.0,249278.0,521.0,17.9,2.0,0
56.0,182083.0,1715709.0,338.0,9.1,3.0,0
34.0,129194.0,1077697.0,796.0,8.9,2.0,0
51.0,196386.0,1660545.0,532.0,12.0,4.0,0
35.0,127496.0,631830.0,829.0,11.8,2.0,0
28.0,132779.0,1687897.0,448.0,16.1,1.0,0
34.0,117641.0,1557004.0,696.0,9.5,0.0,0
43.0,31835.0,498605.0,601.0,19.9,2.0,0
60.0,149383.0,306103.0,659.0,1.2,2.0,0
41.0,116278.0,1742706.0,537.0,0.1,1.0,0
36.0,98418.0,1928311.0,535.0,12.8,0.0,0
38.0,183437.0,111040.0,502.0,6.0,0.0,0
44.0,70122.0,1475977.0,555.0,4.8,4.0,1
46.0,111866.0,1823573.0,534.0,6.2,2.0,1
45.0,144064.0,1721852.0,644.0,5.1,0.0,0
61.0,162347.0,1930815.0,833.0,0.6,0.0,0
49.0,99979.0,1532183.0,765.0,19.4,3.0,0
35.0,170787.0,912483.0,840.0,,3.0,0
21.0,157250.0,658306.0,512.0,14.7,0.0,0
45.0,27254.0,675448.0,762.0,15.3,4.0,0
27.0,23484.0,1462624.0,735.0,18.6,0.0,0
29.0,129849.0,1504382.0,582.0,0.6,1.0,0
44.0,79271.0,440700.0,762.0,17.4,2.0,0
21.0,53689.0,1742839.0,706.0,10.5,4.0,0
64.0,122235.0,1444102.0,387.0,12.7,1.0,0
28.0,78189.0,1147363.0,343.0,12.9,4.0,1
44.0,114394.0,969488.0,760.0,16.4,1.0,0
31.0,100122.0,1109304.0,577.0,6.7,2.0,0
37.0,123182.0,360529.0,720.0,14.7,2.0,0
28.0,89056.0,447217.0,652.0,10.6,3.0,0
55.0,144069.0,227771.0,814.0,15.9,1.0,0
55.0,48312.0,349633.0,318.0,19.8,3.0,0
53.0,143853.0,934703.0,322.0,4.0,1.0,0
25.0,91157.0,1084191.0,,19.9,3.0,0
62.0,176749.0,84831.0,329.0,1.8,2.0,0
59.0,110319.0,1603756.0,407.0,0.0,4.0,1
61.0,195025.0,623628.0,666.0,0.9,3.0,0
48.0,126358.0,1828080.0,580.0,6.8,1.0,0
27.0,56412.0,1936647.0,427.0,12.7,1.0,1
29.0,167031.0,411645.0,528.0,1.4,2.0,0
28.0,78840.0,951090.0,410.0,0.1,1.0,1
32.0,79310.0,52402.0,435.0,18.7,0.0,0
54.0,20884.0,1216738.0,661.0,16.4,4.0,0
53.0,116512.0,1234248.0,485.0,16.2,3.0,0
43.0,113868.0,532703.0,428.0,17.7,4.0,0
44.0,80858.0,1138905.0,560.0,14.0,2.0,0
57.0,180430.0,489803.0,814.0,2.1,3.0,0
55.0,38818.0,363610.0,748.0,8.0,3.0,0
64.0,76068.0,1320463.0,403.0,14.5,0.0,0
60.0,74493.0,685555.0,782.0,5.6,2.0,0
42.0,32074.0,1201015.0,523.0,13.7,1.0,0
47.0,104012.0,894831.0,790.0,0.5,0.0,0
55.0,142240.0,1969485.0,772.0,6.1,0.0,0
21.0,109657.0,341682.0,309.0,11.0,4.0,1
55.0,44041.0,955967.0,704.0,12.6,4.0,0
57.0,84798.0,1376890.0,601.0,11.5,4.0,0
34.0,15480.0,821313.0,530.0,14.0,0.0,0
23.0,175636.0,1950665.0,365.0,0.1,1.0,1
21.0,30636.0,1457681.0,411.0,2.0,3.0,1
25.0,125496.0,1331119.0,312.0,17.4,4.0,1
46.0,197458.0,1526266.0,692.0,13.6,1.0,0
34.0,114269.0,1907665.0,799.0,2.3,2.0,0
59.0,185948.0,1820246.0,533.0,16.8,4.0,0
47.0,58682.0,1462356.0,613.0,4.8,3.0,1
29.0,155592.0,1510865.0,311.0,,2.0,1
35.0,113284.0,334548.0,508.0,2.9,2.0,0
35.0,148295.0,250445.0,313.0,14.2,3.0,0
46.0,26533.0,1163264.0,717.0,13.3,4.0,0
62.0,42332.0,85817.0,736.0,4.2,0.0,0
33.0,39627.0,990595.0,676.0,17.3,3.0,0
52.0,142126.0,460182.0,319.0,8.0,3.0,0
59.0,171222.0,724732.0,369.0,5.9,3.0,0
52.0,153679.0,1562819.0,510.0,3.0,2.0,0
24.0,20637.0,1885413.0,400.0,5.3,1.0,1
50.0,175435.0,191212.0,431.0,0.4,0.0,0
57.0,80517.0,1091772.0,680.0,11.7,4.0,0
43.0,88475.0,1770940.0,431.0,16.8,4.0,0
59.0,34401.0,210892.0,319.0,11.0,1.0,0
35.0,151420.0,1657802.0,835.0,4.4,3.0,0
63.0,48723.0,747713.0,526.0,0.7,0.0,0
49.0,119334.0,678085.0,453.0,4.3,4.0,1
56.0,170531.0,1956059.0,768.0,8.3,4.0,0
33.0,31503.0,441675.0,704.0,15.2,3.0,0
52.0,114037.0,1401728.0,501.0,3.8,1.0,1
27.0,58145.0,1651809.0,337.0,14.4,0.0,0
42.0,78441.0,130308.0,487.0,17.3,1.0,0
48.0,102684.0,1357252.0,356.0,9.1,1.0,0
22.0,80694.0,1905522.0,319.0,16.4,0.0,0
62.0,135032.0,292229.0,572.0,11.1,0.0,0
26.0,103723.0,1797632.0,418.0,12.7,4.0,1
48.0,123077.0,1209814.0,815.0,10.5,4.0,0
48.0,151312.0,1252379.0,520.0,9.3,0.0,0
64.0,118182.0,1245241.0,825.0,4.7,2.0,0
64.0,123509.0,632730.0,814.0,6.1,4.0,0
40.0,119425.0,1873644.0,635.0,5.8,2.0,0
50.0,85073.0,1897333.0,354.0,11.3,0.0,0
31.0,77428.0,1269344.0,799.0,2.4,4.0,1
48.0,181435.0,1577674.0,835.0,18.3,1.0,0
45.0,127398.0,1243903.0,461.0,14.4,0.0,0
59.0,60205.0,994577.0,458.0,8.0,3.0,0
53.0,107176.0,1338599.0,487.0,3.2,2.0,0
21.0,76114.0,1128353.0,359.0,17.6,0.0,0
47.0,187733.0,1215078.0,618.0,16.5,0.0,0
33.0,16394.0,1578473.0,510.0,14.4,4.0,1
61.0,56687.0,987762.0,705.0,5.4,4.0,0
23.0,82591.0,129471.0,408.0,8.0,4.0,1
59.0,105245.0,369799.0,375.0,2.1,3.0,0
26.0,172401.0,905284.0,841.0,3.8,4.0,0
28.0,31259.0,1463412.0,613.0,15.7,0.0,0
47.0,164085.0,1206893.0,416.0,14.3,4.0,0
29.0,25296.0,1318074.0,318.0,11.9,1.0,1
57.0,170828.0,984594.0,,17.9,4.0,0
53.0,24553.0,1250697.0,649.0,11.7,3.0,0
62.0,18375.0,691584.0,482.0,9.3,1.0,0
64.0,143938.0,966856.0,412.0,6.8,0.0,0
44.0,199492.0,1501344.0,482.0,18.8,0.0,0
35.0,180873.0,1750074.0,780.0,1.7,2.0,0
52.0,121560.0,895628.0,445.0,18.6,1.0,0
52.0,184718.0,135140.0,412.0,16.5,2.0,0
44.0,15981.0,365261.0,775.0,2.6,1.0,0
61.0,195387.0,90679.0,602.0,11.3,1.0,0
32.0,105789.0,1323863.0,417.0,17.3,3.0,0
59.0,148736.0,698014.0,460.0,11.4,2.0,0
22.0,166859.0,1107833.0,700.0,18.1,3.0,0
23.0,147915.0,1011890.0,497.0,18.9,1.0,0
57.0,113982.0,208977.0,559.0,8.4,0.0,0
37.0,103175.0,836360.0,346.0,7.5,1.0,0
22.0,170138.0,480094.0,698.0,18.7,3.0,0
22.0,52939.0,865880.0,377.0,13.5,2.0,0
48.0,194079.0,446978.0,423.0,2.3,2.0,0
43.0,146526.0,1688882.0,374.0,0.8,3.0,1
57.0,51909.0,389677.0,436.0,11.3,2.0,0
52.0,151206.0,1923522.0,699.0,18.6,4.0,0
53.0,113020.0,861019.0,804.0,16.9,0.0,0
21.0,145838.0,1700178.0,799.0,,0.0,0
39.0,157039.0,1276091.0,437.0,2.8,0.0,0
22.0,31149.0,1483933.0,349.0,5.1,2.0,1
64.0,108629.0,1547062.0,553.0,17.5,2.0,0
46.0,187423.0,1034448.0,725.0,3.7,1.0,0
52.0,74319.0,1109436.0,,5.6,1.0,0
26.0,124868.0,1052292.0,601.0,2.6,0.0,0
52.0,83308.0,1196714.0,648.0,13.5,4.0,0
24.0,99040.0,107319.0,348.0,18.9,1.0,0
31.0,116492.0,821255.0,373.0,5.4,1.0,0
37.0,116551.0,1232068.0,560.0,9.5,2.0,0
58.0,52320.0,1215561.0,655.0,12.7,4.0,0
44.0,141646.0,1596264.0,559.0,20.0,0.0,0
25.0,31256.0,1327268.0,594.0,2.1,1.0,0
54.0,40683.0,1984660.0,612.0,10.0,4.0,1
26.0,15502.0,603516.0,481.0,7.7,4.0,1
42.0,36589.0,750345.0,663.0,17.3,0.0,0
31.0,102536.0,798502.0,487.0,9.5,4.0,0
36.0,127129.0,958335.0,842.0,2.2,4.0,0
53.0,161944.0,1680196.0,847.0,12.7,4.0,0
29.0,34739.0,509795.0,707.0,15.4,1.0,0
26.0,172385.0,1563200.0,713.0,0.1,0.0,0
36.0,153005.0,840355.0,641.0,17.2,4.0,0
49.0,90576.0,1223618.0,,3.7,4.0,0
23.0,187594.0,1283454.0,462.0,11.0,1.0,0
40.0,198322.0,777055.0,519.0,8.3,0.0,0
56.0,52925.0,1049600.0,569.0,14.4,2.0,0
39.0,85157.0,855411.0,699.0,7.4,1.0,0
46.0,186393.0,184809.0,481.0,17.4,0.0,0
23.0,148495.0,902473.0,504.0,14.6,4.0,0
39.0,23898.0,239917.0,527.0,13.0,0.0,0
40.0,159580.0,839791.0,549.0,15.9,0.0,0
52.0,168169.0,1206191.0,740.0,15.1,0.0,0
27.0,153843.0,1179859.0,832.0,0.7,2.0,0
61.0,162914.0,1342111.0,495.0,7.9,0.0,0
53.0,167650.0,235760.0,818.0,18.6,2.0,0
60.0,49485.0,1321640.0,369.0,2.5,4.0,1
59.0,58603.0,658689.0,698.0,14.7,2.0,0
38.0,132245.0,828140.0,502.0,19.5,4.0,0
60.0,182955.0,1723073.0,447.0,1.0,4.0,1
21.0,73496.0,67609.0,771.0,13.6,2.0,0
31.0,123837.0,1197405.0,498.0,9.4,1.0,0
48.0,141352.0,1217492.0,725.0,11.6,3.0,0
45.0,98610.0,823487.0,791.0,1.7,0.0,0
43.0,147050.0,512204.0,441.0,0.9,3.0,1
51.0,181438.0,507614.0,612.0,13.3,0.0,0
50.0,130459.0,1773234.0,464.0,16.5,0.0,0
62.0,114859.0,911948.0,613.0,15.6,4.0,0
55.0,96168.0,695234.0,320.0,10.9,0.0,0
27.0,121835.0,925116.0,381.0,2.0,0.0,1
36.0,80742.0,1355311.0,430.0,13.8,2.0,0
46.0,87424.0,334225.0,604.0,4.8,3.0,0
22.0,113394.0,926396.0,670.0,18.2,2.0,0
21.0,27325.0,1196375.0,683.0,16.8,0.0,0
32.0,57370.0,1899738.0,744.0,14.2,4.0,0
25.0,115427.0,542429.0,724.0,19.0,2.0,0
57.0,94833.0,750539.0,460.0,0.6,2.0,0
52.0,76571.0,789749.0,477.0,14.7,1.0,0
29.0,150152.0,1230799.0,789.0,6.6,0.0,0
61.0,143338.0,745628.0,626.0,18.1,4.0,0
55.0,45845.0,1090348.0,588.0,5.3,2.0,0
39.0,177546.0,1574491.0,653.0,14.5,2.0,0
36.0,106653.0,1425502.0,327.0,17.6,4.0,1
23.0,152170.0,920419.0,342.0,0.8,0.0,1
40.0,121033.0,1735222.0,722.0,8.0,1.0,0
44.0,199573.0,1138373.0,476.0,15.2,2.0,0
53.0,154195.0,1102816.0,828.0,9.1,1.0,0
44.0,145791.0,116666.0,793.0,5.3,3.0,0
31.0,159036.0,1974051.0,497.0,4.4,0.0,0
28.0,41479.0,289793.0,816.0,2.6,3.0,0
56.0,52841.0,500705.0,813.0,17.1,3.0,0
58.0,147102.0,150809.0,321.0,11.5,3.0,0
60.0,106387.0,1298006.0,411.0,1.5,0.0,0
40.0,154608.0,488167.0,356.0,7.7,0.0,0
55.0,34039.0,401020.0,,7.4,4.0,1
45.0,114249.0,222683.0,397.0,3.6,1.0,0
55.0,85082.0,251452.0,443.0,8.7,1.0,0
45.0,99545.0,1190108.0,734.0,6.6,4.0,0
49.0,126732.0,1392005.0,385.0,6.8,4.0,1
38.0,107923.0,824889.0,643.0,14.8,3.0,0
38.0,114874.0,985799.0,593.0,4.5,4.0,0
22.0,104976.0,1387637.0,542.0,12.8,2.0,0
55.0,90657.0,83891.0,331.0,11.4,1.0,0
36.0,157798.0,680105.0,690.0,,4.0,0
61.0,17258.0,1947541.0,576.0,13.3,2.0,0
56.0,125712.0,1181219.0,831.0,11.0,2.0,0
53.0,119619.0,545738.0,453.0,17.6,2.0,0
24.0,147493.0,1067374.0,682.0,13.5,2.0,0
53.0,125820.0,718174.0,367.0,10.9,3.0,0
34.0,167958.0,1087878.0,513.0,16.6,2.0,0
41.0,192429.0,295196.0,675.0,12.1,3.0,0
40.0,78367.0,308794.0,512.0,5.8,3.0,0
28.0,57060.0,329908.0,378.0,,2.0,1
27.0,93365.0,1882649.0,680.0,3.0,1.0,0
23.0,68267.0,1479153.0,357.0,18.0,2.0,0
37.0,128766.0,366645.0,325.0,14.2,2.0,0
53.0,183693.0,417281.0,746.0,18.7,2.0,0
32.0,40736.0,1475117.0,365.0,12.1,1.0,1
42.0,33647.0,354519.0,553.0,9.5,0.0,0
42.0,62363.0,507395.0,343.0,1.2,0.0,0
50.0,149328.0,1928526.0,396.0,13.4,3.0,0
58.0,124698.0,547848.0,526.0,11.6,3.0,0
58.0,33909.0,1340183.0,735.0,19.8,1.0,0
28.0,184969.0,1958331.0,678.0,,4.0,0
47.0,161166.0,779879.0,477.0,10.6,0.0,0
47.0,19259.0,84156.0,726.0,13.0,3.0,0
54.0,135503.0,526087.0,606.0,12.9,0.0,0
41.0,157681.0,1670211.0,803.0,11.2,1.0,0
50.0,84271.0,1735987.0,567.0,15.5,1.0,0
53.0,27750.0,1548613.0,307.0,4.1,4.0,1
48.0,29304.0,270564.0,807.0,14.5,4.0,0
53.0,34286.0,1601245.0,775.0,12.4,1.0,0
25.0,170481.0,1841422.0,596.0,17.9,3.0,0
39.0,183477.0,1221189.0,463.0,16.9,0.0,0
24.0,37720.0,1884707.0,784.0,6.3,2.0,0
55.0,58643.0,1662336.0,371.0,5.5,4.0,1
37.0,45621.0,1350594.0,537.0,19.6,2.0,0
64.0,49469.0,1175511.0,403.0,10.5,3.0,0
48.0,169936.0,729719.0,509.0,18.1,4.0,0
50.0,76447.0,360611.0,767.0,3.3,2.0,0
49.0,72617.0,1229660.0,753.0,12.9,3.0,0
26.0,57068.0,670318.0,567.0,16.2,0.0,0
55.0,127460.0,1739555.0,685.0,18.9,3.0,0
61.0,85172.0,1987007.0,686.0,,4.0,0
57.0,152686.0,1517234.0,558.0,14.5,1.0,0
44.0,53032.0,226439.0,582.0,10.8,0.0,0
49.0,160741.0,612937.0,339.0,1.2,2.0,1
51.0,126688.0,262764.0,785.0,13.8,4.0,0
55.0,36139.0,1318498.0,519.0,13.8,1.0,0
53.0,91683.0,1542122.0,428.0,18.6,3.0,0
41.0,174751.0,1855066.0,819.0,9.9,1.0,0
52.0,185748.0,904436.0,559.0,4.6,4.0,0
43.0,101155.0,1807683.0,665.0,0.9,4.0,1
53.0,103955.0,1761888.0,843.0,8.3,1.0,0
23.0,184914.0,668532.0,823.0,6.0,3.0,0
38.0,123608.0,1744356.0,315.0,15.2,1.0,0
45.0,21077.0,782561.0,428.0,7.1,4.0,1
62.0,183859.0,628895.0,408.0,19.0,4.0,0
51.0,60922.0,1315696.0,832.0,19.2,2.0,0
23.0,121862.0,690343.0,568.0,12.4,2.0,0
60.0,45620.0,1278907.0,461.0,18.6,0.0,0
44.0,21268.0,1239172.0,559.0,15.2,4.0,0
52.0,72623.0,1148706.0,401.0,10.9,2.0,0
42.0,159392.0,791818.0,,3.6,1.0,0
43.0,66354.0,1119574.0,546.0,9.2,3.0,0
22.0,55718.0,1213147.0,836.0,11.2,1.0,0
47.0,54346.0,1114089.0,430.0,17.3,3.0,0
62.0,110307.0,916618.0,652.0,9.6,2.0,0
22.0,195475.0,78601.0,495.0,18.0,0.0,0
46.0,99913.0,1194770.0,681.0,13.5,1.0,0
37.0,118101.0,378467.0,526.0,2.7,1.0,0
60.0,174217.0,1303023.0,,19.9,1.0,0
53.0,113988.0,1530721.0,776.0,10.5,3.0,0
29.0,49126.0,1025868.0,564.0,7.8,2.0,0
63.0,70425.0,1107609.0,671.0,13.2,1.0,0
59.0,72338.0,1905383.0,785.0,2.2,1.0,0
49.0,88504.0,1701976.0,733.0,12.7,0.0,0
62.0,93956.0,1832761.0,510.0,10.0,0.0,0
46.0,162960.0,1636844.0,676.0,8.1,2.0,0
55.0,79637.0,262391.0,694.0,19.1,2.0,0
45.0,101623.0,340534.0,749.0,10.5,4.0,0
44.0,130621.0,1076916.0,663.0,4.4,0.0,0
33.0,84879.0,529836.0,756.0,9.2,4.0,0
27.0,169764.0,979556.0,525.0,18.4,3.0,0
56.0,123679.0,819012.0,430.0,3.5,4.0,1
40.0,69398.0,1121358.0,775.0,4.3,1.0,0
21.0,147101.0,1506408.0,576.0,0.3,4.0,1
28.0,112615.0,1445207.0,455.0,0.3,2.0,1
36.0,113874.0,1066407.0,517.0,16.6,3.0,0
34.0,104001.0,1653667.0,489.0,14.6,1.0,0
32.0,106947.0,890181.0,716.0,7.1,4.0,0
43.0,156591.0,1798593.0,845.0,14.0,3.0,0
35.0,34052.0,188997.0,340.0,7.9,3.0,1
48.0,76857.0,1911587.0,606.0,19.1,1.0,0
54.0,28968.0,1326652.0,637.0,19.3,4.0,0
22.0,154351.0,791145.0,613.0,7.9,3.0,0
52.0,65376.0,434451.0,374.0,17.1,3.0,0
43.0,181025.0,984407.0,578.0,15.5,0.0,0
42.0,112417.0,429389.0,475.0,6.2,3.0,0
45.0,163139.0,374347.0,572.0,4.6,0.0,0
42.0,196102.0,1253836.0,588.0,9.2,4.0,0
42.0,170361.0,1070015.0,571.0,15.6,4.0,0
62.0,175394.0,1356687.0,365.0,19.2,4.0,0
26.0,90477.0,1862731.0,782.0,15.3,2.0,0
35.0,117069.0,1087907.0,547.0,17.1,4.0,0
63.0,61969.0,1182818.0,455.0,12.1,3.0,0
57.0,51281.0,224771.0,346.0,16.7,1.0,0
53.0,108519.0,1449390.0,753.0,15.7,0.0,0
28.0,125084.0,829815.0,500.0,7.5,2.0,0
64.0,77765.0,1954614.0,423.0,11.0,4.0,1
64.0,120347.0,1655189.0,300.0,16.1,4.0,0
25.0,179180.0,1068838.0,490.0,0.9,1.0,0
59.0,117993.0,290284.0,815.0,16.2,1.0,0
24.0,148350.0,1725861.0,741.0,3.6,2.0,0
26.0,163983.0,1609573.0,442.0,10.3,0.0,0
52.0,197915.0,409941.0,490.0,16.2,4.0,0
50.0,126592.0,625793.0,832.0,5.1,2.0,0
55.0,164267.0,1597144.0,526.0,4.9,3.0,0
60.0,193090.0,411195.0,612.0,8.1,3.0,0
36.0,189716.0,1839617.0,601.0,17.9,2.0,0
33.0,41100.0,877828.0,759.0,0.0,4.0,0
62.0,90183.0,219726.0,700.0,18.0,2.0,0
50.0,74938.0,1640710.0,692.0,3.1,4.0,0
39.0,31081.0,778344.0,506.0,19.8,1.0,0
37.0,132150.0,1076673.0,509.0,19.1,2.0,0
39.0,151142.0,268993.0,414.0,9.9,4.0,0
48.0,171904.0,55039.0,550.0,10.3,2.0,0
46.0,37714.0,1294071.0,518.0,9.6,2.0,0
57.0,177142.0,1054592.0,706.0,12.7,4.0,0
46.0,133941.0,1207400.0,742.0,1.8,4.0,0
43.0,145230.0,1597801.0,653.0,0.7,0.0,0
29.0,183465.0,1310882.0,849.0,1.2,2.0,0
32.0,130581.0,390808.0,441.0,8.9,3.0,0
21.0,77135.0,753506.0,800.0,,2.0,0
21.0,167645.0,1816488.0,846.0,12.4,2.0,0
54.0,82166.0,1551392.0,841.0,19.8,4.0,0
52.0,21332.0,1135442.0,806.0,7.7,2.0,0
45.0,168671.0,548508.0,580.0,11.5,2.0,0
60.0,78861.0,639018.0,723.0,8.3,3.0,0
21.0,158159.0,1477318.0,569.0,16.9,4.0,0
36.0,82110.0,1709790.0,453.0,18.0,2.0,0
59.0,174298.0,1359278.0,382.0,17.5,1.0,0
25.0,55609.0,1628583.0,725.0,19.5,0.0,0
42.0,195291.0,1544979.0,574.0,0.6,3.0,1
49.0,159255.0,341923.0,583.0,16.8,2.0,0
23.0,36134.0,876692.0,472.0,15.0,1.0,0
32.0,119669.0,348318.0,626.0,4.6,2.0,0
46.0,197293.0,508709.0,362.0,19.1,2.0,0
36.0,102147.0,1745056.0,372.0,3.0,4.0,1
57.0,48690.0,972139.0,674.0,13.6,4.0,0
42.0,104684.0,1093948.0,807.0,4.5,4.0,0
49.0,109805.0,397970.0,697.0,8.6,1.0,0
34.0,152212.0,658930.0,419.0,14.4,2.0,0
48.0,144286.0,498980.0,736.0,11.3,0.0,0
25.0,89472.0,452063.0,764.0,,3.0,0
50.0,55334.0,1294024.0,585.0,6.5,4.0,1
25.0,134335.0,550924.0,564.0,16.8,4.0,0
32.0,93015.0,1282430.0,619.0,2.9,2.0,0
36.0,39471.0,163986.0,675.0,8.6,2.0,0
46.0,181606.0,326460.0,388.0,18.1,1.0,0
46.0,142876.0,585353.0,502.0,16.9,1.0,0
41.0,141389.0,1214241.0,633.0,8.0,4.0,0
59.0,167178.0,1367890.0,521.0,15.3,2.0,0
56.0,112987.0,913298.0,340.0,16.5,0.0,0
53.0,165785.0,919292.0,367.0,17.8,3.0,0
50.0,107147.0,1462808.0,813.0,10.9,2.0,0
57.0,27427.0,80851.0,426.0,,2.0,0
43.0,89971.0,715126.0,554.0,5.1,1.0,0
30.0,107031.0,1646479.0,315.0,5.9,3.0,1
25.0,148237.0,1226278.0,776.0,11.9,4.0,0
56.0,34717.0,707593.0,361.0,0.7,2.0,1
54.0,40903.0,1815773.0,731.0,12.7,4.0,0
51.0,63782.0,1556614.0,567.0,7.3,2.0,0
30.0,64302.0,566546.0,334.0,5.9,4.0,1
39.0,150454.0,1308315.0,793.0,,3.0,0
52.0,61385.0,1211714.0,768.0,9.2,1.0,0
21.0,132123.0,832316.0,624.0,1.9,3.0,0
25.0,106441.0,765564.0,603.0,16.5,0.0,0
24.0,121059.0,719943.0,575.0,1.0,1.0,0
36.0,170050.0,1253454.0,500.0,14.5,3.0,0
44.0,89811.0,912699.0,744.0,15.5,0.0,0
36.0,157619.0,1672133.0,623.0,7.1,2.0,0
22.0,93077.0,1355725.0,334.0,16.5,2.0,0
48.0,80466.0,186367.0,781.0,10.3,4.0,0
52.0,192346.0,1298328.0,779.0,9.3,1.0,0
47.0,49109.0,578738.0,364.0,0.9,2.0,1
40.0,31712.0,1205983.0,307.0,5.8,1.0,1
44.0,157632.0,1376257.0,,18.6,2.0,0
32.0,27626.0,500117.0,642.0,7.8,4.0,0
55.0,169860.0,940874.0,730.0,10.9,3.0,0
53.0,95881.0,421133.0,723.0,10.6,4.0,0
53.0,184370.0,152061.0,631.0,11.8,0.0,0
63.0,148484.0,788029.0,737.0,1.2,2.0,0
57.0,127925.0,757741.0,473.0,7.2,0.0,0
32.0,190622.0,1991187.0,826.0,14.5,0.0,0
23.0,88380.0,920387.0,325.0,,1.0,1
21.0,191506.0,700461.0,705.0,4.1,2.0,0
53.0,39975.0,1181926.0,531.0,0.2,0.0,0
60.0,104495.0,223096.0,832.0,8.7,3.0,0
30.0,64934.0,1925248.0,849.0,17.7,0.0,0
63.0,114871.0,1288172.0,804.0,1.0,3.0,0
64.0,44973.0,1521934.0,478.0,3.8,1.0,0
49.0,170683.0,382432.0,431.0,6.2,0.0,0
33.0,171585.0,848482.0,754.0,14.6,4.0,0
32.0,191719.0,874244.0,647.0,12.8,1.0,0
51.0,43614.0,1652523.0,839.0,8.3,3.0,0
22.0,130317.0,52412.0,705.0,15.2,1.0,0
55.0,102734.0,636664.0,375.0,12.2,0.0,0
43.0,78711.0,1963411.0,791.0,17.9,2.0,0
37.0,80035.0,976029.0,493.0,16.4,2.0,0
46.0,91367.0,795926.0,461.0,5.1,3.0,0
28.0,145411.0,283667.0,646.0,5.4,3.0,0
49.0,125683.0,1949621.0,660.0,2.5,2.0,0
46.0,100041.0,89051.0,386.0,6.7,3.0,1
30.0,29048.0,1487501.0,561.0,20.0,1.0,0
46.0,29387.0,1548770.0,513.0,8.1,4.0,1
54.0,15433.0,525131.0,561.0,4.4,4.0,0
61.0,194024.0,1359539.0,582.0,15.2,1.0,0
27.0,15972.0,231212.0,766.0,10.8,4.0,0
24.0,34072.0,551242.0,679.0,3.0,0.0,0
31.0,73200.0,1586409.0,661.0,7.6,1.0,0
49.0,164375.0,1736138.0,748.0,8.3,3.0,0
56.0,192988.0,1236549.0,,15.1,1.0,0
45.0,161153.0,1038335.0,392.0,,2.0,1
41.0,142754.0,360643.0,723.0,5.4,3.0,0
56.0,111441.0,173063.0,441.0,10.4,2.0,0
30.0,31040.0,279416.0,590.0,5.4,3.0,0
57.0,192262.0,493347.0,731.0,12.6,4.0,0
29.0,155303.0,716265.0,348.0,9.6,1.0,0
44.0,133206.0,792774.0,601.0,7.2,0.0,0
55.0,155422.0,725327.0,489.0,19.0,3.0,0
55.0,148959.0,516158.0,435.0,12.6,3.0,0
56.0,132888.0,1043962.0,703.0,2.6,2.0,0
38.0,196407.0,1659308.0,640.0,11.2,4.0,0
59.0,182122.0,595422.0,,15.6,2.0,0
52.0,134633.0,1887655.0,662.0,14.2,2.0,0
44.0,143237.0,1753006.0,681.0,3.4,4.0,0
43.0,24545.0,365440.0,,19.4,0.0,0
52.0,138935.0,1583238.0,643.0,9.0,2.0,0
57.0,23171.0,1170445.0,848.0,3.2,2.0,0
32.0,123829.0,1154822.0,828.0,3.6,3.0,0
33.0,199880.0,812533.0,482.0,,4.0,0
43.0,117824.0,1027248.0,340.0,16.1,1.0,0
45.0,102544.0,824499.0,696.0,2.4,0.0,0
55.0,72878.0,1102479.0,,2.5,0.0,0
61.0,37297.0,1274503.0,632.0,17.0,4.0,0
50.0,150239.0,1364892.0,426.0,6.9,3.0,0
37.0,50631.0,1088338.0,300.0,0.6,3.0,1
40.0,36327.0,1456773.0,467.0,1.0,4.0,1
45.0,93026.0,325492.0,318.0,2.8,3.0,1
42.0,162138.0,463366.0,631.0,4.3,0.0,0
33.0,152837.0,1646533.0,755.0,13.3,0.0,0
39.0,25153.0,678930.0,408.0,3.1,1.0,0
56.0,99202.0,94643.0,567.0,2.4,4.0,0
32.0,111650.0,349893.0,744.0,15.3,2.0,0
61.0,134241.0,486048.0,539.0,,2.0,0
39.0,135281.0,1916780.0,600.0,8.7,1.0,0
32.0,82469.0,1167431.0,402.0,11.0,1.0,1
29.0,118725.0,1868825.0,549.0,6.2,3.0,0
27.0,103996.0,1171569.0,752.0,9.7,1.0,0
48.0,178725.0,984741.0,819.0,10.1,1.0,0
34.0,113099.0,661769.0,452.0,7.7,2.0,0
51.0,96591.0,1232423.0,473.0,18.1,3.0,0
39.0,89830.0,321436.0,642.0,0.3,1.0,0
36.0,120899.0,1801610.0,730.0,15.6,1.0,0
25.0,163736.0,1667198.0,623.0,2.5,3.0,1
55.0,114604.0,669186.0,719.0,16.0,4.0,0
32.0,137406.0,1907955.0,784.0,12.3,3.0,0
45.0,151503.0,1659141.0,711.0,16.9,2.0,0
41.0,111231.0,1349298.0,383.0,2.0,4.0,1
56.0,93961.0,287436.0,412.0,11.2,0.0,0
43.0,177183.0,982556.0,631.0,10.0,3.0,0
36.0,92239.0,1036910.0,677.0,14.1,2.0,0
59.0,100459.0,503475.0,340.0,,4.0,0
62.0,198213.0,205933.0,404.0,10.8,3.0,0
59.0,15044.0,1564611.0,501.0,8.6,1.0,0
34.0,49312.0,287968.0,749.0,6.2,3.0,0
51.0,86033.0,1208867.0,565.0,9.6,0.0,0
25.0,187529.0,1876076.0,509.0,2.4,3.0,1
55.0,27955.0,1758405.0,417.0,19.2,4.0,0
43.0,16755.0,591618.0,676.0,14.3,4.0,0
49.0,24747.0,1710325.0,839.0,19.0,3.0,0
63.0,31381.0,50648.0,383.0,4.5,4.0,0
31.0,21955.0,84491.0,753.0,17.6,1.0,0
38.0,103760.0,1224979.0,813.0,16.2,3.0,0
32.0,122440.0,761357.0,686.0,13.5,1.0,0
29.0,65262.0,803599.0,649.0,12.5,1.0,0
30.0,88683.0,1150660.0,595.0,6.3,2.0,0
64.0,31964.0,423976.0,557.0,16.3,3.0,0
37.0,77229.0,462923.0,380.0,10.0,4.0,1
58.0,111666.0,994973.0,567.0,1.4,1.0,0
27.0,150470.0,1520794.0,718.0,6.3,2.0,0
33.0,15619.0,1258021.0,534.0,18.7,3.0,0
60.0,101452.0,629842.0,610.0,17.0,3.0,0
62.0,69946.0,889157.0,656.0,19.6,0.0,0
29.0,172772.0,382796.0,512.0,12.6,0.0,0
47.0,147377.0,195528.0,348.0,5.0,1.0,0
22.0,123985.0,1576257.0,,3.3,0.0,1
25.0,66294.0,567505.0,,3.7,1.0,0
49.0,183413.0,396644.0,578.0,0.4,4.0,0
57.0,23344.0,1398655.0,707.0,7.8,1.0,0
58.0,35252.0,1255201.0,804.0,3.8,0.0,0
39.0,87452.0,1284720.0,593.0,8.2,4.0,0
28.0,38021.0,496344.0,576.0,18.7,0.0,0
21.0,191937.0,503659.0,737.0,8.6,1.0,0
42.0,162628.0,480565.0,406.0,17.6,2.0,0
37.0,62912.0,388818.0,719.0,12.1,3.0,0
27.0,123883.0,1328661.0,,4.9,0.0,0
45.0,196731.0,1703631.0,674.0,7.1,1.0,0
24.0,178577.0,1462419.0,372.0,1.7,4.0,1
56.0,126148.0,1594583.0,329.0,6.7,0.0,0
26.0,182189.0,839357.0,,13.6,0.0,0
51.0,197999.0,1325448.0,663.0,1.4,3.0,0
39.0,152520.0,740761.0,750.0,4.1,1.0,0
64.0,27022.0,1074734.0,494.0,7.6,2.0,0
59.0,89292.0,989188.0,455.0,19.6,4.0,0
47.0,169998.0,394930.0,471.0,15.7,1.0,0
30.0,57655.0,804804.0,340.0,14.7,4.0,1
46.0,168669.0,1929453.0,362.0,2.3,0.0,1
39.0,37263.0,534732.0,322.0,,3.0,0
59.0,23685.0,310917.0,659.0,15.7,3.0,0
23.0,86057.0,866232.0,374.0,12.0,2.0,0
33.0,21795.0,1591159.0,417.0,19.8,3.0,0
48.0,192095.0,1185189.0,679.0,6.5,0.0,0
40.0,167848.0,1377901.0,589.0,18.8,2.0,0
48.0,163142.0,419905.0,739.0,18.3,1.0,0
28.0,131509.0,1256949.0,306.0,0.2,3.0,1
61.0,55020.0,680826.0,495.0,9.0,2.0,0
59.0,110878.0,1676892.0,720.0,19.5,0.0,0
21.0,125496.0,1277133.0,492.0,2.1,4.0,1
23.0,112131.0,437770.0,447.0,11.0,4.0,0
33.0,63143.0,176003.0,501.0,19.6,0.0,0
48.0,110321.0,133135.0,743.0,,0.0,0
45.0,105869.0,774247.0,718.0,3.8,4.0,0
53.0,199322.0,568410.0,726.0,11.6,2.0,0
58.0,181026.0,1309876.0,778.0,4.1,4.0,0
26.0,100725.0,1023701.0,774.0,10.4,0.0,0
64.0,130243.0,568738.0,425.0,1.5,3.0,0
52.0,153356.0,341014.0,694.0,12.1,1.0,0
41.0,21450.0,298040.0,624.0,10.3,3.0,0
36.0,180560.0,1736088.0,691.0,14.8,3.0,0
41.0,174123.0,524782.0,739.0,12.6,0.0,0
31.0,99625.0,1320836.0,503.0,11.0,4.0,1
57.0,87366.0,1630838.0,785.0,13.8,2.0,0
56.0,65497.0,1247459.0,330.0,2.9,3.0,1
55.0,103185.0,1726152.0,687.0,11.9,4.0,0
39.0,23210.0,815168.0,733.0,3.4,2.0,0
40.0,172656.0,1914633.0,675.0,18.5,3.0,0
38.0,21553.0,309633.0,643.0,1.4,2.0,0
61.0,75875.0,249192.0,742.0,8.6,4.0,0
34.0,187344.0,1334450.0,374.0,13.9,1.0,0
35.0,151014.0,1888521.0,454.0,9.2,4.0,1
51.0,67057.0,1627323.0,729.0,1.8,0.0,0
21.0,61740.0,199013.0,662.0,11.1,2.0,0
23.0,15940.0,594767.0,747.0,12.8,1.0,0
36.0,143707.0,1864122.0,533.0,14.1,2.0,0
43.0,24025.0,543464.0,561.0,7.5,2.0,0
31.0,113531.0,1573282.0,424.0,11.3,3.0,1
32.0,192993.0,1659008.0,544.0,9.0,0.0,0
30.0,35252.0,1016132.0,841.0,13.4,2.0,0
52.0,180479.0,803380.0,784.0,11.7,4.0,0
36.0,198423.0,927743.0,421.0,10.5,4.0,0
28.0,26381.0,492581.0,424.0,5.0,3.0,1
58.0,178338.0,1784312.0,848.0,0.0,0.0,0
32.0,110475.0,928708.0,469.0,3.5,0.0,0
44.0,182705.0,1770796.0,423.0,2.3,4.0,1
48.0,120694.0,256102.0,334.0,9.0,1.0,0
28.0,137491.0,1977137.0,386.0,12.2,3.0,1
52.0,184718.0,135140.0,412.0,16.5,2.0,0
40.0,31712.0,1205983.0,307.0,5.8,1.0,1
53.0,103955.0,1761888.0,843.0,8.3,1.0,0
30.0,31040.0,279416.0,590.0,5.4,3.0,0
45.0,196731.0,1703631.0,674.0,7.1,1.0,0
32.0,110475.0,928708.0,469.0,3.5,0.0,0
53.0,107176.0,1338599.0,487.0,3.2,2.0,0
60.0,168804.0,1209072.0,701.0,15.1,1.0,0
22.0,80694.0,1905522.0,319.0,16.4,0.0,0
46.0,162960.0,1636844.0,676.0,8.1,2.0,0
50.0,175435.0,191212.0,431.0,0.4,0.0,0
52.0,185748.0,904436.0,559.0,4.6,4.0,0
62.0,90183.0,219726.0,700.0,18.0,2.0,0
27.0,169764.0,979556.0,525.0,18.4,3.0,0
33.0,63143.0,176003.0,501.0,19.6,0.0,0
